{"cameraMode":{"drawMode":0,"name":"Shaded","section":"Shading Mode"},"sceneLighting":false,"audioPlay":false,"sceneViewState":{"showFog":true,"showMaterialUpdate":false,"showSkybox":true,"showFlares":true,"showImageEffects":true,"showParticleSystems":true},"in2DMode":false,"pivot":{"x":83.41107177734375,"y":-12.869237899780274,"z":135.02488708496095},"rotation":{"x":0.3446677327156067,"y":-0.015343035571277142,"z":0.005634987726807594,"w":0.9385824799537659},"size":2.8578836917877199,"orthographic":false}