{"cameraMode":{"drawMode":0,"name":"Shaded","section":"Shading Mode"},"sceneLighting":false,"audioPlay":false,"sceneViewState":{"showFog":true,"showMaterialUpdate":false,"showSkybox":true,"showFlares":true,"showImageEffects":true,"showParticleSystems":true},"in2DMode":false,"pivot":{"x":25.269676208496095,"y":-14.494644165039063,"z":115.79239654541016},"rotation":{"x":0.4785778820514679,"y":0.06241919472813606,"z":-0.03413553535938263,"w":0.8751581907272339},"size":180.49288940429688,"orthographic":false}