{"cameraMode":{"drawMode":0,"name":"Shaded","section":"Shading Mode"},"sceneLighting":false,"audioPlay":false,"sceneViewState":{"showFog":true,"showMaterialUpdate":false,"showSkybox":true,"showFlares":true,"showImageEffects":true,"showParticleSystems":true},"in2DMode":false,"pivot":{"x":290.5777587890625,"y":-207.58154296875,"z":283.35699462890627},"rotation":{"x":0.2832735478878021,"y":0.4369468688964844,"z":-0.14719027280807496,"w":0.8409331440925598},"size":22.85062026977539,"orthographic":false}