{"cameraMode":{"drawMode":0,"name":"Shaded","section":"Shading Mode"},"sceneLighting":false,"audioPlay":false,"sceneViewState":{"showFog":true,"showMaterialUpdate":false,"showSkybox":true,"showFlares":true,"showImageEffects":true,"showParticleSystems":true},"in2DMode":false,"pivot":{"x":-187.5,"y":94.39999389648438,"z":75.3707504272461},"rotation":{"x":0.003539348253980279,"y":-0.09690893441438675,"z":-0.0003451213997323066,"w":-0.9952869415283203},"size":453.16790771484377,"orthographic":false}